knex.,2023-11-25,hm
knex.,2023-11-25,why not lol
knex.,2023-11-25,but like when more ppl fill out it more accurate
knex.,2023-11-25,but im stupid too
knex.,2023-11-25,thats wild
knex.,2023-11-25,the 18 is skewed tho
knex.,2023-11-25,but like arent they average hours that ppl who filled it out spent
knex.,2023-11-25,oh are they
knex.,2023-11-25,dsc 30
knex.,2023-11-25,spring
knex.,2023-11-25,nah bro what is this
knex.,2023-11-23,Ohh lmao the reports were for him
knex.,2023-11-23,Lmao found this off of reddit
knex.,2023-11-23,Dang I'm spinal doctor
knex.,2023-11-23,And I think it be yhe one
knex.,2023-11-23,But it's highly illegible imo
knex.,2023-11-23,Also not entirely sure
knex.,2023-11-23,Not on sale rn unfort
knex.,2023-11-23,Cus it's $4 for one pack
knex.,2023-11-23,I got one
knex.,2023-11-23,There is a chicken on it and it is spicy I think it's the one lol
knex.,2023-11-23,Like this?
knex.,2023-11-23,Pretty sure this was the noodles we had that one summer
knex.,2023-11-23,Are there any cows
knex.,2023-11-23,Oh
knex.,2023-11-23,Are you riding a wagon
knex.,2023-11-25,hm
knex.,2023-11-25,why not lol
knex.,2023-11-25,but like when more ppl fill out it more accurate
knex.,2023-11-25,but im stupid too
knex.,2023-11-25,thats wild
knex.,2023-11-25,the 18 is skewed tho
knex.,2023-11-25,but like arent they average hours that ppl who filled it out spent
knex.,2023-11-25,oh are they
knex.,2023-11-25,dsc 30
knex.,2023-11-25,spring
knex.,2023-11-25,nah bro what is this
knex.,2023-11-23,Ohh lmao the reports were for him
knex.,2023-11-23,Lmao found this off of reddit
knex.,2023-11-23,Dang I'm spinal doctor
knex.,2023-11-23,And I think it be yhe one
knex.,2023-11-23,But it's highly illegible imo
knex.,2023-11-23,Also not entirely sure
knex.,2023-11-23,Not on sale rn unfort
knex.,2023-11-23,Cus it's $4 for one pack
knex.,2023-11-23,I got one
knex.,2023-11-23,There is a chicken on it and it is spicy I think it's the one lol
knex.,2023-11-23,Like this?
knex.,2023-11-23,Pretty sure this was the noodles we had that one summer
knex.,2023-11-23,Are there any cows
knex.,2023-11-23,Oh
knex.,2023-11-23,Are you riding a wagon
knex.,2023-11-22,Do you like mans art
knex.,2023-11-21,https://www.aliexpress.us/item/3256805785976349.html?algo_pvid=43a0e075-9dd0-4f12-9c2e-8de1891b8eb5&algo_exp_id=43a0e075-9dd0-4f12-9c2e-8de1891b8eb5-11&pdp_npi=4@dis!USD!5.43!2.71!!!38.62!!@2101e9d517005492566024887ea248!12000035115347686!sea!US!4238321707!&curPageLogUid=cfc62pxdjCFM#nav-review
knex.,2023-11-15,So we can reuse it
knex.,2023-11-15,And the bush
knex.,2023-11-15,Take one of each
knex.,2023-11-15,dang why is it raining
knex.,2023-11-09,yes
knex.,2023-11-09,finish the alc
knex.,2023-11-08,how
knex.,2023-11-08,what
knex.,2023-11-07,theyre stupid
knex.,2023-11-07,bitch
knex.,2023-11-07,so we know who this is from lol
knex.,2023-11-07,all the other ones have been same neighbor knocking on the wall
knex.,2023-11-07,this is formal
knex.,2023-11-07,:(
knex.,2023-11-06,Im deceased
knex.,2023-11-06,It's really funny
knex.,2023-11-06,Why does man call everyone gay when she's drunk
knex.,2023-11-06,Pain
knex.,2023-11-01,You squirted on them?
knex.,2023-11-01,That is not very nice
knex.,2023-11-01,Am sad
knex.,2023-11-01,Got another probability exam in just about 2 weeks nice
knex.,2023-11-01,And the distribution of scores was uniform instead of gaussian :)
knex.,2023-11-01,üëç
knex.,2023-11-01,Probability prof said mean exam score was high 50's
knex.,2023-10-31,Lol one of them just cursed
knex.,2023-10-31,Maintenance ppl over again btw
knex.,2023-10-27,ITS BACK
knex.,2023-10-27,It's fucked lmao
knex.,2023-10-27,With an agent at branch and dude called chase and has gotten bounced back and forth from people cus no one knows what to do
knex.,2023-10-27,I think my chase account is fucked lol
knex.,2023-10-26,funny funny
knex.,2023-10-26,she sent it with emoji and it no send so she assume that it doesnt like emojis and sends again without emoji but turns out alex was getting both
knex.,2023-10-26,why does that matter lmao
knex.,2023-10-26,chased by joey scolini
knex.,2023-10-26,woah
knex.,2023-10-26,she likes being chased
knex.,2023-10-26,she likes the thrill of the chase
knex.,2023-10-26,why did she send everything like twice
knex.,2023-10-26,I stole her family fortune or smthn
knex.,2023-10-24,I know all
knex.,2023-10-24,Yes
knex.,2023-10-24,<@399016350946820097> you're in this bus
knex.,2023-10-18,i want free stuff
knex.,2023-10-18,is there free food
knex.,2023-10-18,Oh that's cool
knex.,2023-10-18,Okay
knex.,2023-10-18,Damn she waiting for a full bus or smthn
knex.,2023-10-17,damn i want free ucsd merch
knex.,2023-10-17,zippers
knex.,2023-10-17,woah
knex.,2023-10-17,thats unfort
knex.,2023-10-17,damn
knex.,2023-10-17,were the tote bags free
knex.,2023-10-17,oh dang
knex.,2023-10-17,but art was the topic for a sec
knex.,2023-10-17,we just talking about ai in general
knex.,2023-10-17,how people are reporting that ai art looks suspiciously like art they posted on devianart and stuff lol
knex.,2023-10-17,we're talking about ai art in my writing class rn
knex.,2023-10-16,did he tell you about how alex just split his head open
knex.,2023-10-16,he spilled the milk
knex.,2023-10-15,We went to costco
knex.,2023-10-15,It's going
knex.,2023-10-15,He gets a glass of milk and 2 hot dogs
knex.,2023-10-15,Prisoner
knex.,2023-10-15,this is also wild
knex.,2023-10-15,thats wild
knex.,2023-10-15,damn
knex.,2023-10-15,fr gave the fish to them to die
knex.,2023-10-15,damn
knex.,2023-10-10,LMFAO
knex.,2023-10-05,It's been so long I domt even remember sending that
knex.,2023-10-04,<@551191555411804171> thanks bro
knex.,2023-10-04,Anybody gotten feline yet?
knex.,2023-10-04,just went through the material that my morning lecture wouldve gone over in like 5 minutes
knex.,2023-10-03,lmao why did you bother staying
knex.,2023-10-03,I am going back to apartment until my next class lol
knex.,2023-10-02,advise to evade
knex.,2023-10-02,thats funny
knex.,2023-09-29,oh sike hes gonna start lecturing content
knex.,2023-09-29,damn another math class where i cant use a calculator
knex.,2023-09-29,wow i think my prof just used like 15 min of the alotted 50 min and is done saying what he wanted to say
knex.,2023-09-28,many ppl in pc
knex.,2023-09-28,burn burn burn
knex.,2023-09-28,Is it not normal for there to be this many people
knex.,2023-09-28,I prob should
knex.,2023-09-28,Nah I could
knex.,2023-09-28,I have 4 and a half hours to kill
knex.,2023-09-28,And how they perform surgery on brain to fix epilepsy
knex.,2023-09-28,I learned about neurosurgery
knex.,2023-09-28,The prof talked about brains a lot
knex.,2023-09-28,There are indeed a lot of people
knex.,2023-09-28,I just finished my first lecture and idk what to do now
knex.,2023-09-28,Wow nice
knex.,2023-09-22,Bro what do I even do
knex.,2023-09-20,okay sounds good
knex.,2023-09-20,man what time did you want help at
knex.,2023-09-20,yeah im down
knex.,2023-09-09,Dude finally responded
knex.,2023-09-06,Sure
knex.,2023-09-06,$1?
knex.,2023-09-06,$0.84 + number of tacos you had for me
knex.,2023-09-05,At like 3:10 then or smthn
knex.,2023-09-05,Go to
knex.,2023-09-05,I got thew house and leave my car
knex.,2023-08-31,wow
knex.,2023-08-31,is it a lab or something?
knex.,2023-08-31,gotta love that
knex.,2023-08-31,i think i wont enjoy waking up
knex.,2023-08-31,wow
knex.,2023-08-31,i miss having neatly arranged classes
knex.,2023-08-31,ig at least its just for a quarter and not a whole sem
knex.,2023-08-31,dang
knex.,2023-08-31,i want weekday nice day
knex.,2023-08-31,doesnt everyone
knex.,2023-08-31,so thast not too bad
knex.,2023-08-31,ig if i dont end up taking cogs 9 then itll just be writing class
knex.,2023-08-31,i wish i had a nice day
knex.,2023-08-31,damn you have a nice monday too
knex.,2023-08-31,yeesh 9:30 to 1:20
knex.,2023-08-31,that wouldve been tragic
knex.,2023-08-31,im very glad that it doesnt conflict with another one of my classes
knex.,2023-08-31,also just realized that my calendar doesnt show the lab part for the dsc course
knex.,2023-08-31,makes sense
knex.,2023-08-31,oh
knex.,2023-08-31,am confused
knex.,2023-08-31,but no other lectures with the same time
knex.,2023-08-31,there are
knex.,2023-08-31,is it just like the smallest class ever?
knex.,2023-08-31,so this is my data science class
knex.,2023-08-31,wouldve been nice
knex.,2023-08-31,i wish the prof i emailed responded lol
knex.,2023-08-31,wow
knex.,2023-08-31,would it just say remote instead of the location?
knex.,2023-08-31,i doubt if any of mine are remote but how check
knex.,2023-08-31,oh
knex.,2023-08-31,you just skip one?
knex.,2023-08-31,hows that work
knex.,2023-08-31,also are you enrolled in classes with lecture at the same time?
knex.,2023-08-31,how did you manage to get your monday so nice lol
knex.,2023-08-31,i got some nice long breaks
knex.,2023-08-31,this is it tho
knex.,2023-08-31,the prof never emailed back so i had to switch back to later class
knex.,2023-08-31,no i got it
knex.,2023-08-31,WAIT
knex.,2023-08-30,why do any venmo emails get marked as important
knex.,2023-08-30,yeah somewhere in there
knex.,2023-08-30,Okay I leave now
knex.,2023-08-29,after i change
knex.,2023-08-29,ill leave
knex.,2023-08-29,yeah sure
knex.,2023-08-29,is blake free tho
knex.,2023-08-29,we dont have to tho
knex.,2023-08-29,sure
knex.,2023-08-29,i felt like an invasion of privacy
knex.,2023-08-29,so no taco for you?
knex.,2023-08-29,today?
knex.,2023-08-29,why tf he got 5 names
knex.,2023-08-29,my second pass start is so late lol
knex.,2023-08-29,but still
knex.,2023-08-29,its only like 13 hours
knex.,2023-08-29,or not days mb
knex.,2023-08-29,so i cant do anythign for those days?
knex.,2023-08-29,something like that
knex.,2023-08-29,cus theres like a little bit of time between first and second pass im pretty sure
knex.,2023-08-29,am i no longer able to switch classes when first pass ends?
knex.,2023-08-29,oh yeah one more thing
knex.,2023-08-29,gonna stop worrying now
knex.,2023-08-29,ill check tmrw
knex.,2023-08-29,aight
knex.,2023-08-29,id be fine with any of the 10:00 to 10:50 ones tho
knex.,2023-08-29,true
knex.,2023-08-29,and this is the other one
knex.,2023-08-29,thats the one i want
knex.,2023-08-29,ive switched so many times now lol
knex.,2023-08-29,should i stay enrolled in the course then?
knex.,2023-08-29,okay
knex.,2023-08-29,how abou thtis
knex.,2023-08-29,what say
knex.,2023-08-29,what we thinking?
knex.,2023-08-29,and i just so happened to want 2 classes with saturday finals at the same exact times :/
knex.,2023-08-29,hm
knex.,2023-08-29,how do those work?
knex.,2023-08-29,are midterms usually not during lecture or discussion hours?
knex.,2023-08-29,so negative elixir trade
knex.,2023-08-29,tho the discussion is now at 7pm instead of 6pm lol
knex.,2023-08-29,i went back to a similar section i had before
knex.,2023-08-29,so should i stay enrolled for now?
knex.,2023-08-29,damn ig not
knex.,2023-08-29,^
knex.,2023-08-29,do you think i could just ask the prof to take the final at a different time?
knex.,2023-08-29,is that date just for the final?
knex.,2023-08-29,but it didnt tell me before i enrolled
knex.,2023-08-29,it says that now tho
knex.,2023-08-29,nope lol
knex.,2023-08-29,whyd it still let me sign up for it then
knex.,2023-08-29,the final overlaps
knex.,2023-08-29,wait no
knex.,2023-08-29,compared to this
knex.,2023-08-29,is this about right?
knex.,2023-08-29,says 7 minutes
knex.,2023-08-28,or we all overdose on it and have a party
knex.,2023-08-28,thats wild
knex.,2023-08-28,i want that instead
knex.,2023-08-28,elixir is the greatest thing ever
knex.,2023-08-28,lmao
knex.,2023-08-28,steroid cream lol
knex.,2023-08-28,I'm prob not gonna use it that much
knex.,2023-08-28,might be
knex.,2023-08-28,i still havent gotten the test results back for herpes with chickenpox
knex.,2023-08-28,maybe
knex.,2023-08-28,idk
knex.,2023-08-28,well at least its not herpes
knex.,2023-08-28,and so many weeks
knex.,2023-08-28,so many times a day
knex.,2023-08-28,and twice a day :/
knex.,2023-08-28,dude said i have to use it for 2 weeks :/
knex.,2023-08-28,cool ill go get it later then ig
knex.,2023-08-28,uhuh...
knex.,2023-08-28,cool
knex.,2023-08-28,and see if they email me or smthn
knex.,2023-08-28,eh ill just wait
knex.,2023-08-28,hm
knex.,2023-08-28,or do i wait for them to tell me to come pick it up
knex.,2023-08-28,do i just go pick itup now?
knex.,2023-08-28,i ordered it
knex.,2023-08-28,how does ordering from pharmacy work
knex.,2023-08-28,make a taro milk tea out of it
knex.,2023-08-28,it says taro
knex.,2023-08-28,its just more cream
knex.,2023-08-28,el doctor told me to get this thingy
knex.,2023-08-28,idk prob stay or smthn
knex.,2023-08-28,if we could sign up for whatever we wanted then it would be fine
knex.,2023-08-28,well its just availability is the pain
knex.,2023-08-28,fr
knex.,2023-08-28,yeah ill just play it safe
knex.,2023-08-28,mmmm
knex.,2023-08-28,it says 14 minute
knex.,2023-08-28,so the thing is pretty accurate
knex.,2023-08-28,dang
knex.,2023-08-28,but ill just keep it as is
knex.,2023-08-28,was thinking of changing the timeslot of one of my classes
knex.,2023-08-28,in that case ill just not
knex.,2023-08-28,think i can make this in 10 minutes?
knex.,2023-08-28,lol that wasnt even in your plan
knex.,2023-08-28,who knows
knex.,2023-08-28,so maybe i take cogs 9 next quarter
knex.,2023-08-28,sike
knex.,2023-08-28,wow
knex.,2023-08-28,psych all the cogs 9 sections are 9:30 lol
knex.,2023-08-28,or ill waitlist for a different time
knex.,2023-08-28,so i might not take it this quarter
knex.,2023-08-28,well the cogs 9 class filled up
knex.,2023-08-28,but its 3:30
knex.,2023-08-28,well i got the writing class
knex.,2023-08-28,fr
knex.,2023-08-28,i love watching all the spots disappear while i wait for my time lol
knex.,2023-08-28,oh yeah i forgot i can just do that
knex.,2023-08-28,otherwise i gonna waitlist i think
knex.,2023-08-28,well hopefully i get one of them
knex.,2023-08-28,lol
knex.,2023-08-28,but i dont wanna do that to myself
knex.,2023-08-28,same kinda?
knex.,2023-08-28,i want tues and thurs
knex.,2023-08-28,i couldnt find keith on rate my prof
knex.,2023-08-28,or mark
knex.,2023-08-28,but what if the buttons i click arent the ones that i want
knex.,2023-08-28,true
knex.,2023-08-28,nah not really
knex.,2023-08-28,ashleys is 11:50
knex.,2023-08-28,11:30
knex.,2023-08-28,dang might have to get the 3:30 one lol
knex.,2023-08-28,when did that happen
knex.,2023-08-28,damn
knex.,2023-08-28,im gonna wait until 2nd pass to enroll in the data science class so i can get other classes
knex.,2023-08-28,yeah lol
knex.,2023-08-28,molecular bio major doesnt get the molecular bio class
knex.,2023-08-28,that would be weird if you didnt get it
knex.,2023-08-28,oh i thought you meant you had like a ticket guaranteed into it
knex.,2023-08-28,oh yeah eric i have to enroll in the other writing class cus the one you got is full
knex.,2023-08-28,oh
knex.,2023-08-28,but i was like eh
knex.,2023-08-28,same
knex.,2023-08-28,wow kait you caught that
knex.,2023-08-26,yeah that wouldnt be too fun
knex.,2023-08-26,so you better hope i didnt get hit with the 1 2
knex.,2023-08-26,hey if i have that its contagious
knex.,2023-08-26,nah imma be so sad if i have that
knex.,2023-08-26,lol
knex.,2023-08-26,and put it in a bag
knex.,2023-08-26,he took a swab and swabbed some of the dried pus
knex.,2023-08-26,nah it was a test for the little red dudes on my leg
knex.,2023-08-26,do i have the plague
knex.,2023-08-26,bro
knex.,2023-08-26,its just herpes with chickenpox
knex.,2023-08-26,so i searched it up
knex.,2023-08-26,and i was like what is tha t
knex.,2023-08-26,so this is also a test that is being done for me ig lol
knex.,2023-08-25,Good job man
knex.,2023-08-25,what did we buy at vons that there is a pay disparity
knex.,2023-08-25,add to your item
knex.,2023-08-25,2.99
knex.,2023-08-25,"24.64 / 8  = 3.08 | Ralphs  Eric, Alex, Ashley: 50 / 4 = 12.5 | Couch"
knex.,2023-08-25,i thought you meant that you were taking a dump and eatign it for dinner
knex.,2023-08-25,fr
knex.,2023-08-25,Why would you title it that bro
knex.,2023-08-25,Like whaaaaa
knex.,2023-08-25,This was very misleading tho
knex.,2023-08-25,It was negative
knex.,2023-08-25,Dang they tested my little red dudes for herpes
knex.,2023-08-24,okay
knex.,2023-08-24,oh
knex.,2023-08-24,she needs more food in her house lol
knex.,2023-08-24,give em to ashley
knex.,2023-08-24,thats cool
knex.,2023-08-24,just lmk when you leaving ig
knex.,2023-08-24,aight cool
knex.,2023-08-24,are you gonna be able to get ashley?
knex.,2023-08-24,so meet at 85?
knex.,2023-08-24,there gonna be traffic tho
knex.,2023-08-24,im fine with that too
knex.,2023-08-24,ah
knex.,2023-08-24,your parents really like that place
knex.,2023-08-24,yeah
knex.,2023-08-24,im also fine with mixed grain
knex.,2023-08-24,so if we want dumplings then there is a spot near my house that is nice
knex.,2023-08-24,she want dumpling
knex.,2023-08-24,lmao
knex.,2023-08-24,that place
knex.,2023-08-24,i forgot about those
knex.,2023-08-24,oh
knex.,2023-08-24,like 85?
knex.,2023-08-24,oh
knex.,2023-08-24,what you wanna eat
knex.,2023-08-24,You wanna grab lunch or smthn?
knex.,2023-08-24,nice
knex.,2023-08-23,Aight
knex.,2023-08-23,We on bart btw
knex.,2023-08-22,I leave after my brother moves his car
knex.,2023-08-22,can i leave my car at your house tho
knex.,2023-08-22,i gotta get ready but okay
knex.,2023-08-22,so
knex.,2023-08-22,bruh
knex.,2023-08-22,maybe she wanted kbbq
knex.,2023-08-22,hotpot sounds nice
knex.,2023-08-22,what happened to alex lol
knex.,2023-08-22,pleasant hill
knex.,2023-08-22,can i leave my car at your house alex?
knex.,2023-08-22,wc or one near ashley
knex.,2023-08-22,which bart are we going to go with
knex.,2023-08-22,lol
knex.,2023-08-22,you have to make an account :/
knex.,2023-08-22,i dont have anyone to drop me off lol
knex.,2023-08-22,dang
knex.,2023-08-22,do you get a parking spot?
knex.,2023-08-22,oh wait thats not bad at all if it free
knex.,2023-08-22,how far of a walk is it
knex.,2023-08-22,damn parking is that expensive?
knex.,2023-08-22,sounds fun
knex.,2023-08-18,WHAT DO YOU GUYS WANT
knex.,2023-08-17,The price for drink is without the topping so add that too
knex.,2023-08-17,Add $1.08 to your drink
knex.,2023-08-15,Got it eta 18 minutes
knex.,2023-08-15,So no difference
knex.,2023-08-15,And pretty much 2nd time too
knex.,2023-08-15,Just like the very first time
knex.,2023-08-15,Noice
knex.,2023-08-15,wow cant believe i just did all that because i got bored
knex.,2023-08-15,this lol
knex.,2023-08-15,but i doubt ill get it unfort
knex.,2023-08-15,aight i have something planned out
knex.,2023-08-15,yeh
knex.,2023-08-15,time to plan a class 10 minutes after another
knex.,2023-08-15,nice
knex.,2023-08-15,the student activity center to the dsi
knex.,2023-08-15,thats walkable in 10 minutes yeah?
knex.,2023-08-15,oh bet
knex.,2023-08-15,do you guys know how close WSAC is to WLH
knex.,2023-08-15,so im stuck with that one
knex.,2023-08-15,but they dont let you choose the section
knex.,2023-08-15,since its a req for my major
knex.,2023-08-15,i have a key to enroll in the class
knex.,2023-08-15,oh that stuff doesnt matter
knex.,2023-08-15,why is the 2nd meeting so much later after the 1st
knex.,2023-08-15,i have to take that class lol
knex.,2023-08-15,dang
knex.,2023-08-15,oh
knex.,2023-08-15,what does LA stand for
knex.,2023-08-15,no just all of it
knex.,2023-08-15,enrollment do be kinda late
knex.,2023-08-15,wow
knex.,2023-08-15,what does this mean
knex.,2023-08-14,Damn the pgne workers must be working like quintuple time
knex.,2023-08-14,Oh the power I'd back on
knex.,2023-08-14,Yeah
knex.,2023-08-14,I just didn't notice cus I wasn't using anything
knex.,2023-08-14,Yes?
knex.,2023-08-14,Apparently there's a power outage in my neighborhood rn and power is estimated to come back on at 7ish
knex.,2023-08-14,Like last time?
knex.,2023-08-14,Blake drive me too?
knex.,2023-08-14,Cool
knex.,2023-08-12,I would assume he meant he'll be there by 43
knex.,2023-08-12,<@551191555411804171> I'm waiting for my dad to move his car and then I go
knex.,2023-08-12,Sure
knex.,2023-08-12,Fat pump
knex.,2023-08-11,fun
knex.,2023-08-11,oh
knex.,2023-08-11,is it windows?
knex.,2023-08-11,even more what
knex.,2023-08-11,what
knex.,2023-08-11,LMFAO
knex.,2023-08-11,she should start by cleaning her storage off those random things lol
knex.,2023-08-11,oh she downloads random things
knex.,2023-08-11,we can do
knex.,2023-08-11,but yeah i think it work
knex.,2023-08-11,or ig we could try
knex.,2023-08-11,nah like i mean i dont think 11 ppl can fit at that table
knex.,2023-08-11,we can prob do it tho
knex.,2023-08-11,oh well
knex.,2023-08-11,oh hes not home
knex.,2023-08-11,i only asked my mom lol
knex.,2023-08-11,i forgot to ask my dad
knex.,2023-08-11,oh wait
knex.,2023-08-11,there just wont be space for the table lol
knex.,2023-08-11,we can do that
knex.,2023-08-11,oh yeah
knex.,2023-08-11,how fun indeed
knex.,2023-08-10,so what're you guys up to
knex.,2023-08-10,I'll just meet you at library
knex.,2023-08-10,aight
knex.,2023-08-10,should I go get ashley or are you guys?
knex.,2023-08-10,aight
knex.,2023-08-10,yea
knex.,2023-08-10,not bad tho
knex.,2023-08-10,i made it through like almost 1 whole video
knex.,2023-08-10,i got bored and stopped watching
knex.,2023-08-10,nothing is happening tho
knex.,2023-08-10,honestly the editing is pretty good actually
knex.,2023-08-10,i got bored and started watching
knex.,2023-08-10,that sound like what it will be
knex.,2023-08-10,we doing this?
knex.,2023-08-10,estimate of ppl?
knex.,2023-08-10,lemme check with parents if Monday is okay
knex.,2023-08-10,time to watch her videos
knex.,2023-08-10,wow
knex.,2023-08-10,why
knex.,2023-08-10,oh
knex.,2023-08-10,for college?
knex.,2023-08-10,huh
knex.,2023-08-10,"all of us pull up in the same shirt and pants and say ""what's up shorty"""
knex.,2023-08-10,wow the ss is long
knex.,2023-08-10,shorty lol
knex.,2023-08-10,SHEEEEEEEEEESH
knex.,2023-08-10,dang that's cool
knex.,2023-08-08,more like dont let him near us lol
knex.,2023-08-08,nah dont let him into our apartment
knex.,2023-08-08,"also i read that as weeb and i was like ""well yeah he always was"""
knex.,2023-08-08,thats funny as hell
knex.,2023-08-08,does he have a bong that he religiously hits
knex.,2023-08-08,thats so funny
knex.,2023-08-08,thats funny asf
knex.,2023-08-08,LMFAO
knex.,2023-08-07,i think he needs it
knex.,2023-08-07,what
knex.,2023-08-07,idk
knex.,2023-08-07,just search it up
knex.,2023-08-07,idk
knex.,2023-08-07,lmao
knex.,2023-08-07,eric you cant even eat spam musubi what
knex.,2023-08-07,huh
knex.,2023-08-06,yay
knex.,2023-08-05,nah it's fine I'll take another like 5 minutes to sit in my car and stare into space
knex.,2023-08-05,I've been sitting in my car and staring off into space
knex.,2023-08-05,oh yeah btw I'm here lol
knex.,2023-08-05,she really wanted the extra 30 minutes but didn't use em lol
knex.,2023-08-05,dang
knex.,2023-08-05,<@435327611980480532>
knex.,2023-08-05,is she awake lol
knex.,2023-08-05,I leave for kaits house then
knex.,2023-08-05,^
knex.,2023-08-05,glod is awake now
knex.,2023-08-05,idk lol
knex.,2023-08-05,okay then
knex.,2023-08-05,nah fr tho should I wear pants lol
knex.,2023-08-05,maybe
knex.,2023-08-05,yeah
knex.,2023-08-05,she texted me smtjn at 10:13
knex.,2023-08-05,wait no she is
knex.,2023-08-05,hah I don't think so
knex.,2023-08-05,<@535994976656687164>
knex.,2023-08-05,maybe if we keep mentioning him he'll magically wake up
knex.,2023-08-05,I don't think we're gonna be meeting at 11 at this point lol
knex.,2023-08-05,sick
knex.,2023-08-05,just come in swim suit and shirt?
knex.,2023-08-05,also what do I wear lol
knex.,2023-08-05,ah
knex.,2023-08-05,it's like blue and yellow
knex.,2023-08-05,spray
knex.,2023-08-05,oh yeah aaron can you bring the sunscreen that I keep forgetting at your house
knex.,2023-08-05,thatd be funny asf
knex.,2023-08-05,damn
knex.,2023-08-05,dn
knex.,2023-08-05,oh wow so eric is actually going?
knex.,2023-08-05,where should we meet
knex.,2023-08-05,I want to sleep am extra 30 minutes
knex.,2023-08-05,let's push that back to like 11
knex.,2023-08-05,so 10:30?
knex.,2023-08-04,"we gave him a towel and he said ""I'm not wet"""
knex.,2023-08-04,"he just said ""I'm wet"""
knex.,2023-08-04,the boba addiction is real
knex.,2023-08-04,"he keeps saying ""no ice 80 sweet"" everytime he sees the ice"
knex.,2023-08-04,he's proud of me for having a car
knex.,2023-08-04,and that I drove him to his house
knex.,2023-08-04,oh he didn't know I had a car
knex.,2023-08-04,"and then when she said yes he went ""monkeytype!"""
knex.,2023-08-04,"he also asked where kait was going and she said meeting and he said ""type type?"""
knex.,2023-08-04,he's holding his ring up to his eye
knex.,2023-08-04,I was relaying better info to kait ngl
knex.,2023-08-04,he is sad he doesn't have any pets
knex.,2023-08-04,he's asking where the cat and dog is
knex.,2023-08-04,oh he is wondering if he's still in his house
knex.,2023-08-04,and now feeling his thighs
knex.,2023-08-04,he's looking at his fingers now
knex.,2023-08-04,"I told him it was ice with no boba and he said ""that's so mean"""
knex.,2023-08-04,he keeps calling the ice boba
knex.,2023-08-03,<@326545839138930698>
knex.,2023-08-03,we here
knex.,2023-08-03,<@326545839138930698> we on da way
knex.,2023-08-03,I'm here blake
knex.,2023-08-03,I take side street cus there is traffic
knex.,2023-08-03,he magically woke up
knex.,2023-08-03,I'll just go to your house then
knex.,2023-08-03,okay
knex.,2023-08-03,oh
knex.,2023-08-03,and then maybe he will magically wake up
knex.,2023-08-03,well aaron I'll just go to you first ig
knex.,2023-08-03,it's not looking like he is
knex.,2023-08-03,hmmmmm
knex.,2023-08-03,oh yknow what is blake awake
knex.,2023-08-03,<@535994976656687164> want me to pick up Aaron on my way over?
knex.,2023-08-03,sicko
knex.,2023-08-03,coo
knex.,2023-08-03,or if you dont wanna drive i can drive
knex.,2023-08-03,blake can i leave my car at your house and just go with you guys
knex.,2023-08-03,sure
knex.,2023-08-03,what time should we meet tmrw
knex.,2023-08-03,thats too bad
knex.,2023-08-03,dang
knex.,2023-08-03,good question
knex.,2023-08-02,there are tacos here for u
knex.,2023-08-01,okay alex coming
knex.,2023-08-01,I am outside <@551191555411804171>
knex.,2023-08-01,don't spill plz
knex.,2023-08-01,ok
knex.,2023-08-01,?
knex.,2023-08-01,want me to get alex first
knex.,2023-08-01,okay I'll leave then
knex.,2023-08-01,shall I come get you guys
knex.,2023-08-01,wonder if he's alive
knex.,2023-07-31,someone check if she alive
knex.,2023-07-31,I still needa get glod
knex.,2023-07-31,Eric you can get aaron if he alives
knex.,2023-07-31,alex I'm gonna get you inst3ad
knex.,2023-07-31,starting to think he died
knex.,2023-07-31,Aaron it's hot
knex.,2023-07-31,<@551191555411804171>
knex.,2023-07-31,Aaron are you alive
knex.,2023-07-31,<@551191555411804171>
knex.,2023-07-31,gonna leave now
knex.,2023-07-31,I'll pick yall up then ig
knex.,2023-07-30,I have to take glod home before that ig
knex.,2023-07-30,up to you guys
knex.,2023-07-30,we're still eating
knex.,2023-07-30,I was like Alex and dumplings is smthn I didn't expect
knex.,2023-07-30,alex can have dumplings
knex.,2023-07-30,oh wait
knex.,2023-07-30,wait
knex.,2023-07-30,is Sharon not there anymore lol
knex.,2023-07-30,so now I am having kbbq pt 2
knex.,2023-07-30,my family thought that our kbbq smelled so good last time that they wanted to do it themselves
knex.,2023-07-30,Ashley and I are eating rn
knex.,2023-07-30,if yall are out we can meet-up with you after we eat
knex.,2023-07-30,am eating with my family tn
knex.,2023-07-29,hopefully
knex.,2023-07-29,she's gonna play apex with us
knex.,2023-07-29,Ashley coworker
knex.,2023-07-28,the dead skin flakes that he scratches off
knex.,2023-07-27,tmrw
knex.,2023-07-27,end at 6
knex.,2023-07-27,<@535994976656687164>
knex.,2023-07-27,@threw
knex.,2023-07-27,and then eat kaits dog
knex.,2023-07-27,we go ranch 99 or smthn to get meat
knex.,2023-07-27,okay so kbbq style ig
knex.,2023-07-27,yes:no
knex.,2023-07-27,1:1
knex.,2023-07-27,okay
knex.,2023-07-27,cus if so he needs to make sure it work lol
knex.,2023-07-27,my dad wants to know if we wanna do kbbq style cooking tmrw
knex.,2023-07-27,time for funny prank cus eric hasnt seen the server yet
knex.,2023-07-27,like nice i got in
knex.,2023-07-27,and then realize it was a joke
knex.,2023-07-27,well i mean i assumed that he would look at the server and see it
knex.,2023-07-27,im so proud of myself
knex.,2023-07-27,heheheh taht was so funny
knex.,2023-07-27,its too bad really that i didnt get in
knex.,2023-07-27,tru
knex.,2023-07-27,thats quite the gamble
knex.,2023-07-27,if i were doing it now i would write about the struggle of overcoming the loss of brain matter that i have accumulated during my time playing apex legends
knex.,2023-07-27,i used the cancer card and the power of friendship in the same essay
knex.,2023-07-27,funny
knex.,2023-07-27,i remember i used the power of friendship or some bs in my essay
knex.,2023-07-27,yeah i am in fact dumber than my older brother
knex.,2023-07-27,i dont remember mentioning my siblings in my essays at all
knex.,2023-07-27,he is the sole survivor of the leo clan
knex.,2023-07-27,he has carried the name leo to where it is today
knex.,2023-07-27,no he is better than his older brother in every way
knex.,2023-07-27,pro ball fondler
knex.,2023-07-27,hold balls
knex.,2023-07-27,in fact
knex.,2023-07-27,he can
knex.,2023-07-27,meatballs on the field
knex.,2023-07-27,FEETBALL
knex.,2023-07-27,FUTBOL
knex.,2023-07-27,I CAN FOOT BALL
knex.,2023-07-27,FOOTBALL
knex.,2023-07-27,i just wanna see what he got
knex.,2023-07-27,i dont wanna suggest any changes
knex.,2023-07-27,i just wanna read
knex.,2023-07-27,im not even gonna proofread
knex.,2023-07-27,he is the man of the house
knex.,2023-07-27,thatd be so funny
knex.,2023-07-27,id laugh if he wrote an essay about how the hardest challenge he faced in life was growing up with an older brother with mental disabilities and how he has carried his family to where they are today
knex.,2023-07-27,oh
knex.,2023-07-27,it should be there
knex.,2023-07-27,yeah
knex.,2023-07-27,uesd
knex.,2023-07-27,what was the one site we always ysed
knex.,2023-07-27,uh
knex.,2023-07-27,or maybe his essays will be so fire that he'll get in
knex.,2023-07-27,he can dream lol
knex.,2023-07-27,ye
knex.,2023-07-27,tmrw
knex.,2023-07-27,yeah
knex.,2023-07-27,or we can do outside kbbq style stuff
knex.,2023-07-27,we can do kitchen stuff
knex.,2023-07-27,and then go to my house to cook the food
knex.,2023-07-27,and then buy food
knex.,2023-07-27,we meet up
knex.,2023-07-27,okay plan
knex.,2023-07-26,thers a plan for tmrw?
knex.,2023-07-26,they must be awake tho
knex.,2023-07-26,no clue who that is
knex.,2023-07-26,kait your water bottle is in my car
knex.,2023-07-26,or smthn to play catch with
knex.,2023-07-26,or frisbee
knex.,2023-07-26,a ball
knex.,2023-07-26,can you guys bring
knex.,2023-07-26,we just got here
knex.,2023-07-26,no
knex.,2023-07-26,we're at sun valley
knex.,2023-07-26,oh
knex.,2023-07-25,yeah
knex.,2023-07-25,its kinda like a desk lol
knex.,2023-07-25,but the chairs are comfy
knex.,2023-07-25,theres no table
knex.,2023-07-25,its a funny one
knex.,2023-07-25,i got a room
knex.,2023-07-25,yuh
knex.,2023-07-25,good job not sleeping
knex.,2023-07-25,so for tmrw what we do
knex.,2023-07-25,yeah smthn like that
knex.,2023-07-25,idk didnt pay much attention when i signed up for it ngl
knex.,2023-07-25,oh ig its a webinar
knex.,2023-07-25,rawr
knex.,2023-07-25,i dont wanna talk
knex.,2023-07-25,why
knex.,2023-07-25,damn really?
knex.,2023-07-25,just like in the background at work?
knex.,2023-07-25,how are you attending the meeting lol
knex.,2023-07-25,i dont remember
knex.,2023-07-25,but also that means i have to wake up earlier
knex.,2023-07-25,i mean i could
knex.,2023-07-25,i got lost in the channels
knex.,2023-07-25,wrong chat
knex.,2023-07-25,i think
knex.,2023-07-25,he was doing it
knex.,2023-07-25,imagine reading a biography about someone so you have enough context to go watch biography in movie form about the person
knex.,2023-07-25,we have to attend 1 of 2 sessions
knex.,2023-07-25,apparently
knex.,2023-07-25,its mandatory tho
knex.,2023-07-25,not sure if eric signed up for the same one
knex.,2023-07-25,starts at 12:30
knex.,2023-07-25,yeah its online
knex.,2023-07-25,im busy until after 1:30 tmrw
knex.,2023-07-24,whatever
knex.,2023-07-24,i think i forgot a word
knex.,2023-07-24,hm
knex.,2023-07-24,yeah alex took a bite out of ashley
knex.,2023-07-24,i will dip my foot in and then regret my decision
knex.,2023-07-24,we should go to sunol and swim in the creek
knex.,2023-07-24,nah i was referring to this
knex.,2023-07-24,looks nice
knex.,2023-07-24,aarons gone to sonol for a day or smthn
knex.,2023-07-24,you mean that small creek?
knex.,2023-07-24,camp at the lafeyette resovoir
knex.,2023-07-24,i already feel uncomfortable
knex.,2023-07-24,wouldnt kaits car be the campsite
knex.,2023-07-24,well
knex.,2023-07-24,never been camping
knex.,2023-07-24,like erics family?
knex.,2023-07-24,um
knex.,2023-07-24,oh right i forgot to do that
knex.,2023-07-24,i didnt know that was a thing
knex.,2023-07-24,thats cool
knex.,2023-07-24,we get zoom pro
knex.,2023-07-24,https://ucsd.zoom.us/
knex.,2023-07-22,DEEPER LANCE
knex.,2023-07-22,its so he can go DEEPER
knex.,2023-07-22,lots of lance
knex.,2023-07-22,still funny tho
knex.,2023-07-22,i did
knex.,2023-07-22,actually
knex.,2023-07-22,LANCEEEEEEEEE
knex.,2023-07-22,LMFAOOOOO
knex.,2023-07-22,DEEPER LANCE
knex.,2023-07-22,and as him to act it out with someone'
knex.,2023-07-22,you should show him that
knex.,2023-07-22,its so funny bro
knex.,2023-07-22,LANCE
knex.,2023-07-22,DEEPERRRRRRRRRR
knex.,2023-07-22,LANCEEEEEEEE
knex.,2023-07-22,https://open.spotify.com/track/4ScTRaHOmQGgnqPoKrLNUT?si=db2d13d74b2743fb
knex.,2023-07-22,OH LANCEEEEEEEEE
knex.,2023-07-21,LANCEEEEEEEEEEE
knex.,2023-07-21,LANCE YOURE SO GOOOD
knex.,2023-07-21,OH YESSS
knex.,2023-07-19,when yall cummin
knex.,2023-07-19,while in my car
knex.,2023-07-19,Sharon has a cable you can use
knex.,2023-07-19,imma leave now
knex.,2023-07-18,yeah thats what I thought
knex.,2023-07-18,okay
knex.,2023-07-18,oh
knex.,2023-07-18,thought thT was your massive third leg for a sec
knex.,2023-07-18,I see
knex.,2023-07-18,oh
knex.,2023-07-18,uh
knex.,2023-07-18,makes sense
knex.,2023-07-18,nice drawing
knex.,2023-07-18,you'd need to be in the front and back at the same time
knex.,2023-07-18,how
knex.,2023-07-18,ye
knex.,2023-07-18,aaron do you need a ride for tmrw
knex.,2023-07-17,RAWR RAWR RAWR
knex.,2023-07-17,start anew
knex.,2023-07-17,no we need to eradicate the existing homeless
knex.,2023-07-17,if you give up your sanity youll be at the top of the food chain in balboa
knex.,2023-07-17,having wifi would be cool ig
knex.,2023-07-17,idk what that dude was smokin
knex.,2023-07-17,calling us americans or something
knex.,2023-07-17,some black guy was impersonating you
knex.,2023-07-17,eric why are you black
knex.,2023-07-17,NO
knex.,2023-07-17,marinate them in piss
knex.,2023-07-17,the meat is the homeless people we capture
knex.,2023-07-17,kbbq in balboa
knex.,2023-07-17,lets burn the people that we beat to assert dominance
knex.,2023-07-17,who yell at everyone else
knex.,2023-07-17,and become the homeless people
knex.,2023-07-17,lets camp in balboa
knex.,2023-07-17,balboa for 3 days
knex.,2023-07-17,not again
knex.,2023-07-17,oh god
knex.,2023-07-17,youll have eric to keep you company
knex.,2023-07-17,sick
knex.,2023-07-17,BARK BARK
knex.,2023-07-17,15 15 15
knex.,2023-07-17,15 BARK BARK
knex.,2023-07-17,15 15 15 15 15 15 15 15
knex.,2023-07-17,**15**
knex.,2023-07-17,LETS MAKE ROOM FOR A TV IN THE CAR
knex.,2023-07-17,commit arson
knex.,2023-07-17,oh
knex.,2023-07-17,that is alexs bd
knex.,2023-07-17,that is a lot earlier
knex.,2023-07-17,and then blackpink the next day?
knex.,2023-07-17,idrc but aaron
knex.,2023-07-17,what about things that he has to take with him at home
knex.,2023-07-17,i think
knex.,2023-07-17,he starts school on the 22nd
knex.,2023-07-17,what about aaron
knex.,2023-07-17,isnt that cutting it a bit close
knex.,2023-07-17,oof
knex.,2023-07-17,were they lonely
knex.,2023-07-17,why
knex.,2023-07-17,downward dog
knex.,2023-07-17,why
knex.,2023-07-16,well good thing hairties are easily replaceable
knex.,2023-07-16,oof
knex.,2023-07-15,step bro
knex.,2023-07-15,sick bro
knex.,2023-07-15,oh
knex.,2023-07-15,wear a hazmat suit
knex.,2023-07-15,big mask
knex.,2023-07-15,wear a mask
knex.,2023-07-15,just mess up your fit
knex.,2023-07-15,lmao
knex.,2023-07-15,huh
knex.,2023-07-15,does someone have sunscreen
knex.,2023-07-15,wasn't that like the whole point lol
knex.,2023-07-15,yes
knex.,2023-07-15,I have 20 sheets of nori and 4 cans of spam
knex.,2023-07-15,what else did we need from ranch 99
knex.,2023-07-15,my mom just gave me nori and spam
knex.,2023-07-15,and some nori
knex.,2023-07-15,do you guys want me to bring spam
knex.,2023-07-15,prob
knex.,2023-07-15,you can do it
knex.,2023-07-15,what does that mean lol
knex.,2023-07-15,just double chek
knex.,2023-07-15,cool
knex.,2023-07-15,so are we meeting at Ashley's house or somewhere else
knex.,2023-07-15,nice
knex.,2023-07-15,kait are you gonna drive eric or should i
knex.,2023-07-15,it's almost like we summoned them
knex.,2023-07-15,woah
knex.,2023-07-15,what's happening
knex.,2023-07-15,and what about kait
knex.,2023-07-15,<@263509400117968896>
knex.,2023-07-15,is eric awake
knex.,2023-07-15,so I'll leave at like 12:40 ish?
knex.,2023-07-14,we're going to the library now
knex.,2023-07-14,guess I'll leave now then
knex.,2023-07-14,ok
knex.,2023-07-14,so meet at alamo plaza?
knex.,2023-07-14,that's fine
knex.,2023-07-14,but where
knex.,2023-07-14,food
knex.,2023-07-14,<@551191555411804171>
knex.,2023-07-14,that sounds like a lot of grease
knex.,2023-07-14,^
knex.,2023-07-14,no lol
knex.,2023-07-14,I would assume lunch?
knex.,2023-07-14,Aaron where do you wanna eat
knex.,2023-07-14,needs to get ready for work
knex.,2023-07-14,she'd have to be up before that tho lol
knex.,2023-07-14,not sure
knex.,2023-07-14,I think she went back to sleep lol
knex.,2023-07-14,well if that counts as us getting food as well maybe
knex.,2023-07-14,that's funny
knex.,2023-07-14,who am I driving
knex.,2023-07-14,wear a mask and it fine!
knex.,2023-07-14,that's fine with me
knex.,2023-07-14,ü§®
knex.,2023-07-14,how sure are you
knex.,2023-07-14,Ashley has work at 5
knex.,2023-07-14,^
knex.,2023-07-14,sure
knex.,2023-07-13,can you really
knex.,2023-07-12,kait are you coming to taco or not today
knex.,2023-07-11,wow it's hot outside
knex.,2023-07-11,<@535994976656687164>
knex.,2023-07-11,of your house blake
knex.,2023-07-11,I am outside
knex.,2023-07-11,I'll head over in like 5
knex.,2023-07-11,whoooo
knex.,2023-07-11,can you be the dd for today
knex.,2023-07-11,well I'll drive to his house first lol
knex.,2023-07-11,cool you wanna drive me too üòÄ
knex.,2023-07-11,<@535994976656687164> are you driving today?
knex.,2023-07-11,huh
knex.,2023-07-11,so like it just doesnt charge at all?
knex.,2023-07-11,what does this mean
knex.,2023-07-11,how do you not have a charger
knex.,2023-07-11,i am currently using it to charge my macbook lol
knex.,2023-07-11,i do
knex.,2023-07-11,wait what
knex.,2023-07-10,part of yhe thrill of the hunt ig
knex.,2023-07-10,I mean sure
knex.,2023-07-10,I'm gonna eat the dogs
knex.,2023-07-10,dogs
knex.,2023-07-10,omomo
knex.,2023-07-10,micro center
knex.,2023-07-10,hot pot
knex.,2023-07-10,Just found this amazing item on AliExpress. Check it out! $16.59  50%OFF | RGB  Floor Lamp Corner Standing Lamps Bedroom LED Bedside Decoration Living Room Art Decor Remote Indoor Party Stand Lighting https://a.aliexpress.com/_mMlCFau
knex.,2023-07-09,okay
knex.,2023-07-09,oh
knex.,2023-07-09,so idk if I have to go pick her up
knex.,2023-07-09,she isn't responding to my text
knex.,2023-07-09,do we know if ashley is going
knex.,2023-07-09,at alex's house
knex.,2023-07-09,we meet at 12 tmrw
knex.,2023-07-08,cool
knex.,2023-07-08,can I get it with oat?
knex.,2023-07-08,oh okay
knex.,2023-07-08,going aaron first
knex.,2023-07-08,ok I'm leaving
knex.,2023-07-08,I was gonna leave soonish
knex.,2023-07-05,fr
knex.,2023-07-04,no
knex.,2023-07-04,I don't want to talk to family
knex.,2023-07-04,never again
knex.,2023-07-04,um
knex.,2023-07-04,I went outside
knex.,2023-07-04,I'm outside
knex.,2023-07-04,I'm outside
knex.,2023-07-04,I'm outside
knex.,2023-07-04,gonna leave soon
knex.,2023-07-04,sounds like a plan
knex.,2023-07-04,i think we would have a hell of a time at microcenter
knex.,2023-07-04,or microcenter
knex.,2023-07-04,we can go to that awesome shabu shabu place without you
knex.,2023-07-04,cool
knex.,2023-07-04,oh
knex.,2023-07-04,a shift?
knex.,2023-07-03,a night bottle of ginger beer to quench your thirst
knex.,2023-07-03,maybe kitty got thirsty
knex.,2023-07-03,huh
knex.,2023-07-03,wonder if eric talked to his parents when he got home last night lol
knex.,2023-07-03,didnt know you had to convince parents
knex.,2023-07-03,i thought you were just worried about how you would get work done
knex.,2023-07-02,but the water didn't turn hot
knex.,2023-07-02,I thought we had a gas heater
knex.,2023-07-02,well you also have power
knex.,2023-07-02,so cold
knex.,2023-07-02,no hot water
knex.,2023-07-02,that was not a nice shower
knex.,2023-07-02,boutta take a nice shower too
knex.,2023-07-02,scooping cat litter in the dark is weird
knex.,2023-07-02,:(
knex.,2023-07-01,it's hot
knex.,2023-07-01,probably
knex.,2023-07-01,okay
knex.,2023-07-01,you eat whole milk or oat
knex.,2023-07-01,<@399016350946820097> <@535994976656687164> <@326545839138930698> <@551191555411804171>
knex.,2023-07-01,you have 5 minutes
knex.,2023-07-01,if so what
knex.,2023-07-01,DO YOU GUYS WANT SONETHING FROM BOBA BLISS
knex.,2023-07-01,<@326545839138930698>
knex.,2023-07-01,glod
knex.,2023-07-01,as for the gldo
knex.,2023-07-01,aaron
knex.,2023-07-01,nah you can take your time imma take a dump
knex.,2023-07-01,sure
knex.,2023-07-01,i like caffeine
knex.,2023-07-01,okay
knex.,2023-07-01,okay then i am down for oyu to come pick me up eric
knex.,2023-07-01,because glod doesn not have a ride
knex.,2023-07-01,i am on standby
knex.,2023-07-01,idk
knex.,2023-07-01,not opposed to being picked up tho lol
knex.,2023-07-01,i was gonna
knex.,2023-07-01,lmfaoooooo
knex.,2023-07-01,aarons
knex.,2023-07-01,yeah
knex.,2023-07-01,i tink
knex.,2023-07-01,aarons
knex.,2023-07-01,well she can bring it today
knex.,2023-07-01,dang
knex.,2023-07-01,oh i completely forgot about the arizona
knex.,2023-07-01,cool
knex.,2023-07-01,2?
knex.,2023-07-01,what time are we going over there again
knex.,2023-07-01,nothing else
knex.,2023-07-01,only ice
knex.,2023-07-01,we should go to kbbq and just throw ice on the grill
knex.,2023-07-01,we can do both
knex.,2023-07-01,i wanna try daeho too
knex.,2023-07-01,a teriyaki otter pop
knex.,2023-07-01,i wanna put teriyaki sauce on my ice
knex.,2023-07-01,if we flavor our ice then it sounds good
knex.,2023-07-01,ice
knex.,2023-07-01,oh
knex.,2023-07-01,oh okay
knex.,2023-07-01,like sub 20?
knex.,2023-07-01,daeho
knex.,2023-07-01,is it expensive
knex.,2023-07-01,in sj?
knex.,2023-07-01,ohhhhhh
knex.,2023-07-01,what is daeho
knex.,2023-07-01,ok
knex.,2023-07-01,wait so we're going to kaits house?
knex.,2023-07-01,so what is the plan for tomorrow then
knex.,2023-07-01,alex told his family no
knex.,2023-07-01,jolly good time
knex.,2023-07-01,jolly
knex.,2023-07-01,thats swell
knex.,2023-07-01,i dont think that i want to be near any park with rides that break down every 5 seconds
knex.,2023-07-01,do six flags rides break down every 5 seconds
knex.,2023-07-01,what is there to do there
knex.,2023-07-01,what even is great america
knex.,2023-07-01,we should have a pushing contest
knex.,2023-07-01,well i dont
knex.,2023-07-01,i dont think so
knex.,2023-07-01,how do you plan to do it
knex.,2023-07-01,i dont think you have the strength to do tha t
knex.,2023-07-01,what is that
knex.,2023-07-01,man idek what six flags is
knex.,2023-07-01,what is that
knex.,2023-07-01,what is great america
knex.,2023-06-30,lets sit in a pot of boiling water and stare at each other
knex.,2023-06-30,just don't jump over the counter and it'll be fine
knex.,2023-06-30,idk
knex.,2023-06-30,lol why
knex.,2023-06-30,<@263509400117968896> Jasmine wants you to visit her sometime
knex.,2023-06-30,da morning Shift
knex.,2023-06-30,4
knex.,2023-06-30,<@263509400117968896> Tony left you smthn
knex.,2023-06-30,I definitely think entering my ssn is a good idea
knex.,2023-06-30,no taco for you
knex.,2023-06-30,what are you talking about you didnt get picked up
knex.,2023-06-30,thats interesting
knex.,2023-06-30,hm
knex.,2023-06-30,she is 100% right lol
knex.,2023-06-30,like
knex.,2023-06-30,to alaska
knex.,2023-06-30,they're on a cruise
knex.,2023-06-30,man is right tho
knex.,2023-06-30,wait what
knex.,2023-06-29,not sure I want my family to he on a titan submersible
knex.,2023-06-29,damn what kind of boat are they on
knex.,2023-06-28,I'm here to bust all over you
knex.,2023-06-27,omw to bust all over you aaron
knex.,2023-06-27,idk I was gonna leave soon
knex.,2023-06-27,taco
knex.,2023-06-27,what about blake
knex.,2023-06-27,when we taco are you guys gonna need a ride again
knex.,2023-06-27,alecks
knex.,2023-06-27,alex
knex.,2023-06-27,alex
knex.,2023-06-27,Eric bring thermal paste for alez
knex.,2023-06-27,alex
knex.,2023-06-27,alex
knex.,2023-06-27,I needa take my student ID photo lol
knex.,2023-06-27,does anyone have a plain white background for later in yhe week
knex.,2023-06-27,we should tho
knex.,2023-06-27,if we have time
knex.,2023-06-27,we go best buy too tho
knex.,2023-06-27,Aaron come out
knex.,2023-06-26,with Ashley as last
knex.,2023-06-26,in an order that will be decided by whoever house I go to first
knex.,2023-06-26,then get you
knex.,2023-06-26,okay imma go gas up first
knex.,2023-06-26,save me
knex.,2023-06-26,no gas
knex.,2023-06-26,I need to fill my car with gas lol
knex.,2023-06-26,why do you need saving
knex.,2023-06-26,okay
knex.,2023-06-26,lol
knex.,2023-06-26,okay
knex.,2023-06-26,what going on
knex.,2023-06-25,i hope my sinuses clear up by tuesday so i can stuff tacos in my mouth without worrying about suffocating
knex.,2023-06-25,we can just take it to taco tuesday
knex.,2023-06-25,or i think any of us would want it
knex.,2023-06-25,yes
knex.,2023-06-25,aaron you should spray that warhead spray onto some polyfill and feed it to alex
knex.,2023-06-19,it wouldve been so funny
knex.,2023-06-19,i was so sad when eric didnt blow out your candles
knex.,2023-06-19,if you know what i mean
knex.,2023-06-19,or ig alternatively your mom could be holding jimin ü´¶
knex.,2023-06-19,more like your mom
knex.,2023-06-19,are they ever holding hands in other positions
knex.,2023-06-19,what kinds of poses üòè
knex.,2023-06-19,haha
knex.,2023-06-19,we are all very much enjoying ourselves
knex.,2023-06-19,and gestures
knex.,2023-06-19,funny positions
knex.,2023-06-19,i had more fun with those dolls then i thought i would have
knex.,2023-06-19,watchin you sleep
knex.,2023-06-19,bts
knex.,2023-06-19,mmmmm
knex.,2023-06-19,or do they watch her and your dad sleep
knex.,2023-06-19,dedicated just for bts
knex.,2023-06-19,room
knex.,2023-06-19,does she have a bts roo
knex.,2023-06-19,where do they chill
knex.,2023-06-18,shame
knex.,2023-06-18,do you ever talk in an Indian accent so they understand you better
knex.,2023-06-18,yeah I thought the segregation was really funny
knex.,2023-06-18,oh
knex.,2023-06-18,I thought there'd be more white ppl ngl
knex.,2023-06-18,"""so, you guys are indian huh?"""
knex.,2023-06-18,heheheh
knex.,2023-06-18,Aaron is at chernobyl nuclear fallout
knex.,2023-06-18,wasted kait throwing stickers on book
knex.,2023-06-18,oh my god
knex.,2023-06-18,perfect
knex.,2023-06-18,"""I like chicken Tikka Masada"""
knex.,2023-06-18,and then initiate conversation in an Indian accent
knex.,2023-06-18,"go up to the table of girls that we didn't talk to at all and say ""so you guys are indian huh?"""
knex.,2023-06-18,Aaron and I had quite the incredible conversation when we were on our way back
knex.,2023-06-17,okay
knex.,2023-06-17,i forgot it was at night
knex.,2023-06-17,it was like mid 70's
knex.,2023-06-17,no it wasnt what
knex.,2023-06-17,oh right its at 6
knex.,2023-06-17,?
knex.,2023-06-17,really
knex.,2023-06-17,cold?
knex.,2023-06-17,aight
knex.,2023-06-17,i imagine thats what going on right?
knex.,2023-06-17,is it mostly gonna be out in the backyard?
knex.,2023-06-17,better have your platform crocs on the whole time
knex.,2023-06-17,YEAH FR
knex.,2023-06-17,I DONT HAVE A DRESS THAT WILL FIT ME
knex.,2023-06-17,OHHHH
knex.,2023-06-17,WAIT WHAT IF SOME PPL DONT WANNA WEAR A DRESS
knex.,2023-06-17,HOODIE NO SHIRT
knex.,2023-06-17,NOOOOOOOOOOOOOOO
knex.,2023-06-17,CAN I SHOW UP AS A BUSH
knex.,2023-06-17,IS NO SHIRT AN OPTION
knex.,2023-06-17,I ROLL OUT OF BED WITHOUT CLOTHES ON
knex.,2023-06-17,OKAY
knex.,2023-06-17,WHAT KIND OF PANTS
knex.,2023-06-17,PERFECT ME TOO
knex.,2023-06-17,ERIC WHAT ARE YOU GONNA WEAR
knex.,2023-06-17,WAIT AARON WHAT ARE YOU GONNA WEAR
knex.,2023-06-17,THESE ARE CURSED
knex.,2023-06-17,WOW
knex.,2023-06-17,ILL WEAR THAT TOO
knex.,2023-06-17,IM JUST GONNA WEAR SWEATS
knex.,2023-06-17,I DONT HAVE CLOTHES
knex.,2023-06-17,DOES THAT IMPLY SOMETHING
knex.,2023-06-17,WHAT DOES THIS PART MEAN
knex.,2023-06-17,AND WILL NO PANTS BE AN OPTION?
knex.,2023-06-17,KAIT WHAT ARE PEOPLE GONNA WEAR TOMORROW
knex.,2023-06-15,more like 360 quick scope
knex.,2023-06-15,360 scope into smthn
knex.,2023-06-15,alex photo
knex.,2023-06-15,even nicer
knex.,2023-06-15,I forgot eric took photos
knex.,2023-06-15,that was funny
knex.,2023-06-15,I do remember that
knex.,2023-06-15,oh
knex.,2023-06-15,???
knex.,2023-06-13,yeah
knex.,2023-06-13,think ill skip taco this week
knex.,2023-06-13,notice how youre a part in every single conversation
knex.,2023-06-06,bruh they just gonna see a bunch of a;lskdjfa;lskdjf;alskdfj;alsdkf;alsdfjk
knex.,2023-06-05,it's not like you're gonna be living in it much longer
knex.,2023-06-05,why can't we pipe bomb your house instead
knex.,2023-06-05,"number boutta say ""I know you have your dawgs out in the stem building"""
knex.,2023-06-05,haha
knex.,2023-06-05,wait on discord or on text?
knex.,2023-06-05,let's add another to the mix
knex.,2023-06-05,haha
knex.,2023-06-05,I didn't send it yet tho lmao
knex.,2023-06-05,yeah
knex.,2023-06-05,it was a robot
knex.,2023-06-05,oh they're calling again
knex.,2023-06-05,idk let's find out
knex.,2023-06-05,I'm gonna answer and give them both of your numbers
knex.,2023-06-05,just annoyed
knex.,2023-06-05,not even fear
knex.,2023-06-05,not sure how they did that
knex.,2023-06-05,idk lol
knex.,2023-06-05,this is a new one lmfaoo
knex.,2023-06-05,lots of spam calls recently
knex.,2023-06-05,you look so same
knex.,2023-06-05,is aaron scaring them off
knex.,2023-05-30,just meet at like 7 then?
knex.,2023-05-30,oh aight
knex.,2023-05-30,so did you ask aaron
knex.,2023-05-30,do indeed ask
knex.,2023-05-30,Aaron do you have a ride today or nah
knex.,2023-05-30,sure
knex.,2023-05-30,when is taco time
knex.,2023-05-30,when you wanna taco
knex.,2023-05-30,are we doing taco tmrw or nah
knex.,2023-05-29,great summary
knex.,2023-05-29,wow
knex.,2023-05-28,but i dont see it all that often
knex.,2023-05-28,sometimes it barks at me through the window
knex.,2023-05-28,the one that barks at you in the window?
knex.,2023-05-28,otherwise my car is blocking his
knex.,2023-05-28,in the driveway
knex.,2023-05-28,no for my dad to park his car
knex.,2023-05-28,parking
knex.,2023-05-28,space
knex.,2023-05-24,yeah i would be annoyed if they were actually at your house
knex.,2023-05-22,dawgs on dawgs
knex.,2023-05-22,open the door
knex.,2023-05-22,ew
knex.,2023-05-22,wonder if rodzilla place has soup
knex.,2023-05-22,Eric probably in the mood for tofu soup or smthn
knex.,2023-05-22,what place has good soup
knex.,2023-05-22,you want panera?
knex.,2023-05-22,dude what days have you not gone out to eat lmfao
knex.,2023-05-22,oh
knex.,2023-05-22,I'm down
knex.,2023-05-22,or oh yes
knex.,2023-05-22,oh no
knex.,2023-05-22,what we get tn then
knex.,2023-05-22,wait so do you no longer want rodzilla
knex.,2023-05-22,truly
knex.,2023-05-22,i feel fine
knex.,2023-05-22,he is her
knex.,2023-05-21,dang yall didnt see each other?
knex.,2023-05-21,did you say hi to eric
knex.,2023-05-21,dang yall were in the same area
knex.,2023-05-19,wait so when did you wanna watch movie aaron
knex.,2023-05-19,the tofu60 case^
knex.,2023-05-19,apparently it's also compatible with most 60% pcbs so you might be able to find a more affordable one
knex.,2023-05-19,by $5
knex.,2023-05-19,it's actually cheaper than the v1 pcb lol
knex.,2023-05-19,search up if it's compatible lol
knex.,2023-05-19,this is the tofu60 v.2 pcb
knex.,2023-05-19,https://kbdfans.com/collections/tofu60/products/tofu60-2-0-accessories?variant=41180114485387
knex.,2023-05-19,I WONDER IF THEYVE RESTOCKED YET LOL
knex.,2023-05-19,EAT THEM
knex.,2023-05-19,OH YEAH DID YOUR SWITCHES ARRIVE
knex.,2023-05-18,CLICKY
knex.,2023-05-18,I DONT THINK MANY PPK FUCK WITB CLICHY
knex.,2023-05-18,TACTILE IS THE BUMP WITHOUT THE CLICK
knex.,2023-05-18,ITS CLICKY
knex.,2023-05-18,MARTINEZ ISNT THAT FAR
knex.,2023-05-18,YEAH
knex.,2023-05-18,WHY IS IT IN MARTINEZ
knex.,2023-05-18,WTF
knex.,2023-05-18,ESP WIRH RUSH HOUR TRAFFIC
knex.,2023-05-18,I MEAN ANYWHWRE IN CONCORD IS CLOSER THAN SAN RAMON
knex.,2023-05-18,WAIT IN THAT CASE CAN YOU GET ASHLEY
knex.,2023-05-18,YEA
knex.,2023-05-18,WHENEVER YOURE ABLE TO BE THERE
knex.,2023-05-18,YOU KNOW WHAT SURRE
knex.,2023-05-18,THATS THE TIME
knex.,2023-05-18,6PM
knex.,2023-05-18,ONLY THIS TIME
knex.,2023-05-18,FUCK THIS SHIT
knex.,2023-05-18,WHO TF PLANS STUFF
knex.,2023-05-18,FUCK I HATE PLANNING SHIT
knex.,2023-05-18,OR SOMETHING
knex.,2023-05-18,NVM MAKE THAT 6 AT AARONS HOUSE
knex.,2023-05-18,FUCK I WORK MONDAY
knex.,2023-05-18,I NEED TO GET THE GLOD
knex.,2023-05-18,THATS WHERE WE MEET
knex.,2023-05-18,5 AT AARONS HOUSE
knex.,2023-05-18,SOMEONE THATS A BITCH
knex.,2023-05-18,5 AT AARONS PLACE
knex.,2023-05-18,AIGHT BET
knex.,2023-05-18,CUS SOMEONES A BITCH AND NEEDS A TIME AND PLACE
knex.,2023-05-18,YEAH I NEED A TIME
knex.,2023-05-18,WHEN DOES YOUR THING END
knex.,2023-05-18,OR GET DRILLED
knex.,2023-05-18,AND EAT
knex.,2023-05-18,WHAT TIME YALL WANNA MEET
knex.,2023-05-18,YEAH
knex.,2023-05-18,OR 5
knex.,2023-05-18,WELL MAYBE 4
knex.,2023-05-18,ASHLEY TOO MAYBE
knex.,2023-05-18,WELL THERES GONNA BE LIKE
knex.,2023-05-18,OH
knex.,2023-05-18,BUR FUCK IT
knex.,2023-05-18,THATS ATILL LIKE $20
knex.,2023-05-18,FUCK LETS DO IT
knex.,2023-05-18,OYHERWISE ITS A HASSLE
knex.,2023-05-18,YEAH
knex.,2023-05-18,LIKE CONCORD WC AREA
knex.,2023-05-18,WYM
knex.,2023-05-18,WHAT OTHER FOODS ARE THERE
knex.,2023-05-18,SHIEEEEET
knex.,2023-05-18,WHAT DHOULD WR GRT
knex.,2023-05-18,DAMN
knex.,2023-05-18,OH
knex.,2023-05-18,IDEK WHAT THAT IS
knex.,2023-05-18,ISMT THAF MORE EXP
knex.,2023-05-18,FUCK
knex.,2023-05-18,I NEED TO MAKE MORE MONEY
knex.,2023-05-18,PREFERABLY NOT KBBQ
knex.,2023-05-18,WHAT YOU WANT
knex.,2023-05-18,FUCK IDK
knex.,2023-05-18,CUS I FEEL LIKE IT
knex.,2023-05-18,LETS GET DINNER MONDAY NIGHT
knex.,2023-05-18,CHANGE OF PLANS
knex.,2023-05-18,no eric
knex.,2023-05-18,lmao
knex.,2023-05-18,cus he in sf
knex.,2023-05-18,i mean either way no eric then ig
knex.,2023-05-18,this is true he really cant read
knex.,2023-05-18,WE TACO ON TUESDAY
knex.,2023-05-16,prob no taco tn for me
knex.,2023-05-15,lmao
knex.,2023-05-15,whats your car look like
knex.,2023-05-15,dang
knex.,2023-05-15,i want some door pics
knex.,2023-05-15,she should sue him for kicking her property
knex.,2023-05-15,wow
knex.,2023-05-15,did it work
knex.,2023-05-15,:(
knex.,2023-05-15,nice
knex.,2023-05-15,did her door break lol
knex.,2023-05-15,bruh
knex.,2023-05-15,really?
knex.,2023-05-15,carl bot was part of the conversation
knex.,2023-05-12,and why are you riding his dick
knex.,2023-05-12,like who is god
knex.,2023-05-12,damn I hate religious ppl
knex.,2023-05-12,wow
knex.,2023-05-12,why lol
knex.,2023-05-11,all ik is man is in the wrong
knex.,2023-05-11,who is he
knex.,2023-05-11,okay then what is this
knex.,2023-05-11,ah
knex.,2023-05-11,wait so who said someone else's name lol
knex.,2023-05-11,can you guys talk on your own phones so ik who is referring to who
knex.,2023-05-11,wtf
knex.,2023-05-11,huh
knex.,2023-05-01,gluck gluck 3000
knex.,2023-05-01,dang is he giving or getting
knex.,2023-05-01,i dont get the reference
knex.,2023-05-01,better luck next time
knex.,2023-05-01,L
knex.,2023-05-01,ah dang
knex.,2023-05-01,what about the bomb
knex.,2023-05-01,wait why are you alive
knex.,2023-05-01,youre alive
knex.,2023-05-01,nice
knex.,2023-04-30,but also it didnt crack all the way for us
knex.,2023-04-30,well we alr drained it at that point
knex.,2023-04-30,like pieces of the coconut just flew places
knex.,2023-04-30,that was kinda like a shrapnel honestly
knex.,2023-04-30,ah
knex.,2023-04-30,that seemed to work pretty well
knex.,2023-04-30,just throw it up in the air honestly
knex.,2023-04-30,mmmmm
knex.,2023-04-30,but really funny
knex.,2023-04-30,the drill was a really jank idea
knex.,2023-04-30,fresh coconut
knex.,2023-04-30,thats how good it was
knex.,2023-04-30,nah erics parents saw it and wanted to make pudding out of it
knex.,2023-04-30,i cant wait to have our coconut
knex.,2023-04-30,coconut tho
knex.,2023-04-30,idek
knex.,2023-04-30,yeah
knex.,2023-04-30,sure
knex.,2023-04-30,"well there's one in Dublin, one in concord, one in livermore"
knex.,2023-04-30,uh
knex.,2023-04-30,you should get pho
knex.,2023-04-30,where meet up at
knex.,2023-04-30,the ranch?
knex.,2023-04-29,what for dinner
knex.,2023-04-29,same
knex.,2023-04-29,I can just chill at Ashley's house for a while
knex.,2023-04-29,glod
knex.,2023-04-29,good
knex.,2023-04-29,I'm going to get food rn
knex.,2023-04-29,maybe it's completely random
knex.,2023-04-29,who knows
knex.,2023-04-29,actually who exactly are you playing with?
knex.,2023-04-29,what's the average rank of your team
knex.,2023-04-29,idek what pdt is
knex.,2023-04-29,wouldn't make sense for the tourney to start at 8
knex.,2023-04-29,it's like a league I assume
knex.,2023-04-29,yeah
knex.,2023-04-29,I was gonna go pick up Ashley prob soon
knex.,2023-04-29,idrc
knex.,2023-04-29,chillin
knex.,2023-04-29,I'm just at sharetea rn
knex.,2023-04-29,idk
knex.,2023-04-29,or do you need ride
knex.,2023-04-29,do you have a car alez?
knex.,2023-04-29,unless you wanna?
knex.,2023-04-29,I needa get the glod
knex.,2023-04-29,lmao
knex.,2023-04-29,otherwise I need subway surfers playing on your other monitor
knex.,2023-04-29,like top frag every game
knex.,2023-04-29,but you'll have to make it entertaining
knex.,2023-04-29,and mess you up
knex.,2023-04-29,I'd be down to watch
knex.,2023-04-29,is it multiple games?
knex.,2023-04-29,I'd be down to watch you play lol
knex.,2023-04-29,how long is your val tourney
knex.,2023-04-29,huhhh
knex.,2023-04-29,when is ur val tourney eric
knex.,2023-04-29,oh nvm she's alive
knex.,2023-04-29,I tried to text ashley but I think she passed away
knex.,2023-04-29,that's funny
knex.,2023-04-29,it is?
knex.,2023-04-29,did yall wanna do smth later or nah
knex.,2023-04-17,fr im gonna kms
knex.,2023-04-17,hi kait
knex.,2023-04-17,hi man
knex.,2023-04-17,i should pick up and make a random gremlin noise
knex.,2023-04-17,lol
knex.,2023-04-17,hi kait
knex.,2023-04-17,youre so weird
knex.,2023-04-17,its weird
knex.,2023-04-17,do it to someone else
knex.,2023-04-17,why both of you butt dial me
knex.,2023-04-17,idk wadafuq goin on anymore
knex.,2023-04-17,today has been such a daze for me
knex.,2023-04-17,lmao
knex.,2023-04-17,like what are the chances they both do it twice lol
knex.,2023-04-17,bc its a 2nd time?
knex.,2023-04-17,was mans on purpose???
knex.,2023-04-17,that wasnt on purpose???
knex.,2023-04-17,yall called again?
knex.,2023-04-17,i think they are
knex.,2023-04-10,where would we find it tho
knex.,2023-04-10,next time we go we should make a landmark
knex.,2023-04-09,i hate that shit
knex.,2023-04-09,oh no its a woman
knex.,2023-04-09,alex isnt a woman
knex.,2023-04-09,me too man
knex.,2023-04-09,i wish we chased them when we had the chance
knex.,2023-04-08,erics signature move when he meets someone is to backflip frfr
knex.,2023-04-08,price discrimination
knex.,2023-04-08,or anyone that cant speak chinese
knex.,2023-04-08,lmao thats like discrimination for white ppl
knex.,2023-04-08,do it be filling tho
knex.,2023-04-08,thats like $50 per person
knex.,2023-04-08,nice view
knex.,2023-04-07,"""the very first thought i had was: 'this person is fucking weird.'"""
knex.,2023-04-06,cus we never gonna see them lol
knex.,2023-04-06,i might as well have forgor honestly
knex.,2023-04-06,i forgor
knex.,2023-04-06,oh right eric took photos
knex.,2023-04-06,haha i dont think so
knex.,2023-04-04,cheese
knex.,2023-04-01,no clue
knex.,2023-04-01,was this guy
knex.,2023-04-01,this guy
knex.,2023-04-01,bro
knex.,2023-04-01,I needa find ghat somehow
knex.,2023-04-01,oh right
knex.,2023-04-01,and if you didn't pay for movie yet that was $15.64
knex.,2023-04-01,for pho take your item and add $1.50 to it
knex.,2023-03-31,aight
knex.,2023-03-31,cus if not I can prob get you
knex.,2023-03-31,is blake gonna go or is he just gonna meet us for the mvie?
knex.,2023-03-31,ok so where meet
knex.,2023-03-31,it'll be like 10:30
knex.,2023-03-31,I mean we can't eat after the movie
knex.,2023-03-31,unless y9u have smthn in mind before
knex.,2023-03-31,mixed grain lol
knex.,2023-03-31,we passed the inspection
knex.,2023-03-31,I'm at sharetea cus a health inspector came in lol
knex.,2023-03-31,we can meet-up soonish
knex.,2023-03-31,aight
knex.,2023-03-31,grab dinner before I assume
knex.,2023-03-31,left or right of ours for 7:35 at walnut creek
knex.,2023-03-31,have him buy his
knex.,2023-03-31,total was $109.48
knex.,2023-03-31,I got the tickets
knex.,2023-03-31,okay 7
knex.,2023-03-31,how many ppl
knex.,2023-03-31,I like 7:35 more
knex.,2023-03-31,7:35 or 6:25?
knex.,2023-03-31,how many ppl
knex.,2023-03-31,we could do 6:25 for a bigger theater
knex.,2023-03-31,okay we good for this one?
knex.,2023-03-31,this is for 7:35 btw
knex.,2023-03-31,gotta make sure he going
knex.,2023-03-31,oh yeah
knex.,2023-03-31,here's what I got
knex.,2023-03-31,okay
knex.,2023-03-31,John wick
knex.,2023-03-31,so uh
knex.,2023-03-31,fighting for my life
knex.,2023-03-31,I have a funny colored bruise from the night we were at kaits house
knex.,2023-03-31,perfect
knex.,2023-03-31,what time we watch John wick
knex.,2023-03-31,getting ready to activate your stands
knex.,2023-03-31,yeah prob
knex.,2023-03-31,couldve been much worse
knex.,2023-03-31,except for ashley who just fell a bunch
knex.,2023-03-31,if rite aid didnt have any br's i think eric and i wouldve just shit our pants lmfaooo
knex.,2023-03-31,bro it was so funny
knex.,2023-03-31,and was like damn me too ngl
knex.,2023-03-31,and then i thought about it
knex.,2023-03-31,up until eric said how badly he needed to go
knex.,2023-03-31,i felt fine after eating
knex.,2023-03-31,lmfaoooo
knex.,2023-03-31,it prob wont you didnt have any dairy today huh
knex.,2023-03-31,üôè
knex.,2023-03-31,i love how almost all of us almost shit ourselves
knex.,2023-03-31,fr
knex.,2023-03-31,i feel great
knex.,2023-03-31,yayyyyyy
knex.,2023-03-31,meat
knex.,2023-03-31,and uh
knex.,2023-03-31,the kings of dairy
knex.,2023-03-31,ayo?
knex.,2023-03-31,especially when taking a dump
knex.,2023-03-31,nah I just don't like having jacket on
knex.,2023-03-31,the gamble paid off
knex.,2023-03-31,bro
knex.,2023-03-30,I just woke up lol
knex.,2023-03-30,so uh
knex.,2023-03-30,"i read that as ""only car that can car is kait"""
knex.,2023-03-30,oh
knex.,2023-03-30,lmao
knex.,2023-03-30,what
knex.,2023-03-30,i assume 1 car if possible
knex.,2023-03-30,tmrw
knex.,2023-03-30,who drive
knex.,2023-03-30,im not good driver
knex.,2023-03-30,nahhh bruh
knex.,2023-03-30,its also annoying for them im sure lmao
knex.,2023-03-30,lmao
knex.,2023-03-30,she doesnt like that everyone has been telling her that recently
knex.,2023-03-30,when and where
knex.,2023-03-30,sooo uh
knex.,2023-03-30,chipist
knex.,2023-03-30,teeth
knex.,2023-03-30,dentist
knex.,2023-03-30,dang
knex.,2023-03-30,um
knex.,2023-03-30,oh
knex.,2023-03-30,what time
knex.,2023-03-30,um
knex.,2023-03-30,oh
knex.,2023-03-30,dont think so
knex.,2023-03-30,yeah
knex.,2023-03-30,but yeah what time and where
knex.,2023-03-30,sounds really cold
knex.,2023-03-30,cold
knex.,2023-03-30,should i anticipate getting wet
knex.,2023-03-30,am i going to get wet at all
knex.,2023-03-30,is it going to be wet
knex.,2023-03-30,so we go davenport tmrw?
knex.,2023-03-30,there's a place to go thrifting in pleasanton?
knex.,2023-03-29,tru
knex.,2023-03-29,my balance is really bad
knex.,2023-03-29,i think id die if i tried to use a pogo stick
knex.,2023-03-29,no
knex.,2023-03-29,we like 5 min out
knex.,2023-03-29,yeah lmao
knex.,2023-03-29,I didn't bring my keyboard lol
knex.,2023-03-28,we can do 5:30
knex.,2023-03-28,sure
knex.,2023-03-28,when yall wanna meet up for tacos
knex.,2023-03-28,on my legs
knex.,2023-03-28,literally under the weight of everyone
knex.,2023-03-27,ACTUALLY NO THAT SOUNDS SCARY
knex.,2023-03-27,IM GONNA SAY HI TO YOUR MOM
knex.,2023-03-27,DOORBELL RINGGGGGGGGGGG
knex.,2023-03-27,5 MINUTES
knex.,2023-03-27,HE MUST BE ASLEEP
knex.,2023-03-27,OH
knex.,2023-03-27,WHAT DID HE SAY
knex.,2023-03-27,SHE HAS A RIDE
knex.,2023-03-27,IS BLAKE COMING
knex.,2023-03-27,OKAY
knex.,2023-03-27,ANYTIME
knex.,2023-03-27,meet in 4 hours and 40 minutes at kaits house?
knex.,2023-03-27,oh right
knex.,2023-03-27,so meet at 5 am tmrw at kaits house?
knex.,2023-03-27,and male strippers
knex.,2023-03-27,and sauce
knex.,2023-03-27,with chicken
knex.,2023-03-27,tmr is marathon at kaits house
knex.,2023-03-27,5 am it is
knex.,2023-03-26,ayo?
knex.,2023-03-26,your dog is constantly horny kait wym relaxed
knex.,2023-03-26,why tf do i feel like ive seen him every other time im there
knex.,2023-03-26,really
knex.,2023-03-26,cus hes there at the restaurant a lot i feel like
knex.,2023-03-26,maybe you guys just dont remember what he looks like
knex.,2023-03-26,she looks so edible tho
knex.,2023-03-26,alexs dog is too aggressive
knex.,2023-03-26,why not :(
knex.,2023-03-26,no eating the dog?
knex.,2023-03-26,hes a lesser being
knex.,2023-03-26,i feel like i see him at the restaurant a lot
knex.,2023-03-26,dang i wish i could see him that little
knex.,2023-03-26,how did your mom take your car when your dad was parked in front
knex.,2023-03-26,where your car at tho lmao
knex.,2023-03-26,sum dim
knex.,2023-03-26,wouldve assumed sharon was driving
knex.,2023-03-26,what cardboard box will cost that much
knex.,2023-03-26,huh
knex.,2023-03-26,take a cardboard box and slide down the hill
knex.,2023-03-26,to drive you around all day
knex.,2023-03-26,hire an uber
knex.,2023-03-26,have aaron take you
knex.,2023-03-26,its right down your hill
knex.,2023-03-26,i mean you can litearlly walk eric
knex.,2023-03-26,itd be funny if your dads car was still just blocking the entire garage
knex.,2023-03-26,oh lmfaoo
knex.,2023-03-26,solid combo
knex.,2023-03-26,and green onions ig lol
knex.,2023-03-26,of the buns that you get with the duck and hoisin sauce
knex.,2023-03-26,i am a fan however
knex.,2023-03-26,not a fan of eating duck ngl
knex.,2023-03-26,ashley is a duck
knex.,2023-03-26,i think i used to go to blackhawk to feed ducks
knex.,2023-03-26,feed with bread
knex.,2023-03-26,ducks
knex.,2023-03-26,what is blackhawk
knex.,2023-03-26,whats in it
knex.,2023-03-26,what is the blackhawk museum
knex.,2023-03-26,and let ashleys dogs devour your dog
knex.,2023-03-26,bring her to ashleys house
knex.,2023-03-26,and eat the dog
knex.,2023-03-26,bring the dog
knex.,2023-03-26,bring the dog
knex.,2023-03-26,im free anytime except for friday and sat from like 10 - 12
knex.,2023-03-26,oh
knex.,2023-03-24,eat someone else's legos
knex.,2023-03-21,lol
knex.,2023-03-21,we should make a flow chart of what to do when something annoys you
knex.,2023-03-21,frog
knex.,2023-03-21,I forgot
knex.,2023-03-21,oh right I have dentist on Saturday lol
knex.,2023-03-21,so the only day I work next week is Friday from 10-12 :))))
knex.,2023-03-16,so fun
knex.,2023-03-16,lmao
knex.,2023-03-16,i like drinking tea
knex.,2023-03-16,"the movie be like:  ""are you still watching?"""
knex.,2023-03-16,i like white sauce
knex.,2023-03-16,im down to fuck a chicken
knex.,2023-03-16,i didnt even know they had that
knex.,2023-03-16,ive never had sodam fried chicken
knex.,2023-03-16,for the chicken
knex.,2023-03-16,and a bucket of sauce
knex.,2023-03-16,and chicken
knex.,2023-03-16,of really cursed movies
knex.,2023-03-16,except with a really long movie marathon
knex.,2023-03-16,yeah we could try to do a redo of new years
knex.,2023-03-16,really long sleepover
knex.,2023-03-16,we would get lost the second we step in
knex.,2023-03-16,caves you say???
knex.,2023-03-16,req time off
knex.,2023-03-16,like just the whole thing?
knex.,2023-03-16,well like
knex.,2023-03-16,okay so im gonna assume we do stuff towards beginning of break
knex.,2023-03-16,except its 5 am to 12 pm
knex.,2023-03-16,yay
knex.,2023-03-16,or several day trips
knex.,2023-03-16,or we can do like a day trip or smthn
knex.,2023-03-16,like what we thinking
knex.,2023-03-16,go somewhere
knex.,2023-03-16,like just hang out a lot or like
knex.,2023-03-16,cus i gotta see if i wanna req time off
knex.,2023-03-16,what were our plans for spring break
knex.,2023-03-14,oh thats great
knex.,2023-03-10,whats the link for
knex.,2023-03-10,yeah nothign happened
knex.,2023-03-10,go
knex.,2023-03-10,1
knex.,2023-03-10,2
knex.,2023-03-10,3
knex.,2023-03-10,together
knex.,2023-03-10,idk should i find out?
knex.,2023-02-28,i take my role very seriously
knex.,2023-02-28,boots
knex.,2023-02-28,i mean
knex.,2023-02-28,i like puss
knex.,2023-02-22,üòÑ
knex.,2023-02-22,my throat feel funny
knex.,2023-02-22,lick it
knex.,2023-02-22,look at around her mouth lmaoooo
knex.,2023-02-22,highkey scary
knex.,2023-02-22,THIS
knex.,2023-02-22,yall haven't seen
knex.,2023-02-22,you are gross ngl
knex.,2023-02-22,but like half the day gone
knex.,2023-02-22,it's nice
knex.,2023-02-22,bro it's doomed üíÄ
knex.,2023-02-22,wtf
knex.,2023-02-22,but then i woke up and was like oh shit
knex.,2023-02-22,yeah
knex.,2023-02-22,i overslept for my class
knex.,2023-02-21,i caught her in 4k
knex.,2023-02-21,why didnt you wake us up earlier these past few days ashley
knex.,2023-02-21,my sleep schedule is gonna be so messed up lol
knex.,2023-02-21,same bro
knex.,2023-02-21,I wish I could knock out
knex.,2023-02-21,yeah we will
knex.,2023-02-21,it was pretty long actually
knex.,2023-02-21,well ashley is still in regular security
knex.,2023-02-21,literally made it through security in like a minute because of tsa pre
knex.,2023-02-18,<@435327611980480532> how old is your dad
knex.,2023-02-17,3rd box is the Hawaiian
knex.,2023-02-17,they gave us an extra pizza?
knex.,2023-02-17,we ordered dominos delivery lol
knex.,2023-02-17,oh aight
knex.,2023-01-30,fun dream
knex.,2023-01-04,huh
knex.,2023-01-04,bye
knex.,2023-01-04,hmmmm
knex.,2023-01-01,damn
knex.,2023-01-01,what about terraria thooooooo
knex.,2023-01-01,if you guys go get boba later you should drop some off at my house :)
knex.,2023-01-01,that actually sounds kinda funny
knex.,2022-12-31,F
knex.,2022-12-31,im gonna practice willing things into existence
knex.,2022-12-31,airplanes
knex.,2022-12-31,aaron you willed it into existence lol
knex.,2022-12-31,shiett
knex.,2022-12-31,I'm praying on it
knex.,2022-12-29,she was def just rating the asians lol
knex.,2022-12-29,like
knex.,2022-12-29,other question is why was aaron pak included lol
knex.,2022-12-29,devastated I imagine
knex.,2022-12-29,my katya rating:  Looks: I don't remember  Personality: horny teenager
knex.,2022-12-29,I'm so confused lol
knex.,2022-12-29,bruh why do i have a .75 for both looks and personality
knex.,2022-12-28,Eric is indeed moving inside me
knex.,2022-12-28,yall are approaching at like the same speed lol
knex.,2022-12-28,and I just got here
knex.,2022-12-28,it's fine I think kait gonna be late too
knex.,2022-12-26,most uncommmon ppl talking
knex.,2022-12-26,eric has that good good rng
knex.,2022-12-26,getting all the sam messages
knex.,2022-12-26,oh that sounds fun
knex.,2022-12-25,will it start making sus jokes as well
knex.,2022-12-25,why is it processing all the messages
knex.,2022-12-23,WHAT
knex.,2022-12-23,Sj on Wednesday
knex.,2022-12-23,okay new plan
knex.,2022-12-23,BLAKE THATS TACO TUESDAY THO
knex.,2022-12-23,Monday the 26th we go to San Jose
knex.,2022-12-21,Join my Life360 Circle! Use my invite code QWY-FFQ. Download the app here: https://i.lf360.co/MykrFGWEVvb
knex.,2022-12-21,taco place
knex.,2022-12-21,okay target it is
knex.,2022-12-21,taco place
knex.,2022-12-21,wanna meet at target or just go to place
knex.,2022-12-21,umm idk
knex.,2022-12-21,like huhhhhhh?
knex.,2022-12-21,on ygnacio
knex.,2022-12-21,right here
knex.,2022-12-21,it literally let 1 car though and turned yellow
knex.,2022-12-21,I swear to God I just witnessed a .05 second green light
knex.,2022-12-21,lots of traffic
knex.,2022-12-21,nah they just on the edge
knex.,2022-12-21,so wack
knex.,2022-12-20,I'm working until 4
knex.,2022-12-19,cus of like a fire?
knex.,2022-12-19,ohhhhh is that why it's foggy
knex.,2022-12-19,if I can find my way
knex.,2022-12-19,<@551191555411804171> we be there in 5
knex.,2022-12-19,it's so foggy
knex.,2022-12-19,holy shit this is terrible
knex.,2022-12-19,or smthn
knex.,2022-12-19,so give me like 30 before we get to erics
knex.,2022-12-19,boutta leave rn
knex.,2022-12-19,dang it got foggy
knex.,2022-12-19,and yeet her
knex.,2022-12-19,I'm gonna pick your mom up
knex.,2022-12-19,I called him
knex.,2022-12-19,oh alex knows
knex.,2022-12-19,<@551191555411804171> I'm gonna pick you up
knex.,2022-12-19,<@535994976656687164> I'm gonna pick you up
knex.,2022-12-19,Aaron didn't answer
knex.,2022-12-19,I just gotta pick ppl up
knex.,2022-12-19,ye
knex.,2022-12-19,we can meet at erics
knex.,2022-12-19,or can you fit everyone unto your car kait?
knex.,2022-12-19,yeah smthn like that
knex.,2022-12-19,oh meet up at restaurant
knex.,2022-12-19,idk I'm assuming kaits gonna be with you eric
knex.,2022-12-19,I mean we can ig
knex.,2022-12-19,I'm gonna pick up like Alex Blake and aaron I think
knex.,2022-12-19,yeah
knex.,2022-12-19,do we wanna meet up before we go
knex.,2022-12-19,alex is down for maru
knex.,2022-12-19,fine
knex.,2022-12-19,I'm five with either ig
knex.,2022-12-19,this dude
knex.,2022-12-19,I went the other day
knex.,2022-12-19,I hope we can find parking lol
knex.,2022-12-19,oh maybe it is
knex.,2022-12-19,okay so we can get like smthn else lol
knex.,2022-12-19,what you want
knex.,2022-12-18,give me a bit
knex.,2022-12-18,what we doing btw
knex.,2022-12-18,so good
knex.,2022-12-18,mmmmmmmmmmmm
knex.,2022-12-18,i wanna make an ice blend out of it
knex.,2022-12-18,cookie milk tea
knex.,2022-12-18,mmmmm
knex.,2022-12-18,would
knex.,2022-12-18,i think he wold
knex.,2022-12-18,do you think alex would like them?
knex.,2022-12-18,sounds good
knex.,2022-12-18,what kind of cookies
knex.,2022-12-18,am down btw
knex.,2022-12-18,what day exactly is this about lol
knex.,2022-12-17,throw it in the washer and then the dryer
knex.,2022-12-17,reminds me of the rock
knex.,2022-12-17,hes with you so he has access to your dog kait
knex.,2022-12-17,little more context actually makes it better
knex.,2022-12-17,i clipped it
knex.,2022-12-17,homie deleted it
knex.,2022-12-17,bruh
knex.,2022-12-17,but like shes a minor for us
knex.,2022-12-17,cus like shes like 70 in dog years
knex.,2022-12-17,pedo
knex.,2022-12-17,or are you the pdeo
knex.,2022-12-17,is the dog the pedo
knex.,2022-12-17,but like which way does it go
knex.,2022-12-17,pedophilia
knex.,2022-12-17,thats like
knex.,2022-12-17,idk about doing a dog ngl
knex.,2022-12-17,thats terrifying
knex.,2022-12-17,def
knex.,2022-12-17,its worse that eric said that to kait
knex.,2022-12-17,actually i do
knex.,2022-12-17,idk whats worse
knex.,2022-12-17,:(
knex.,2022-12-17,and make sure i dont have any family stuff
knex.,2022-12-17,and req time off of work and stuff
knex.,2022-12-17,cus like plans
knex.,2022-12-17,what kinds of stuff did we wanna do like in the next few weeks
knex.,2022-12-04,why
knex.,2022-12-04,put em together and you got fun sized
knex.,2022-12-04,fun and small
knex.,2022-12-04,ive never heard of them
knex.,2022-12-03,in which case they might rather try to deepthroat the mic over frank
knex.,2022-12-03,unless they know that the mic is really good
knex.,2022-12-03,he'll bring them more satisfaction anyways
knex.,2022-12-03,and then say that instead they can have frank
knex.,2022-12-03,and that man gave it away without permission
knex.,2022-12-03,go back to the person she gave it to and say that its actually yours
knex.,2022-12-03,or she couldve gave it to you
knex.,2022-12-03,she would sound so much better if she used it
knex.,2022-12-03,and herself
knex.,2022-12-03,man is trolling you
knex.,2022-12-03,did you know she had it?
knex.,2022-12-03,why
knex.,2022-12-03,or did she
knex.,2022-12-03,why didnt she use it
knex.,2022-12-03,lmao
knex.,2022-12-03,did it look fancy
knex.,2022-12-03,shouldve done your research bro
knex.,2022-12-03,i mean whos gonna go above like $100 for a secret santa anyways
knex.,2022-12-03,why are they rich
knex.,2022-12-03,what are these secret santas
knex.,2022-12-03,what
knex.,2022-12-03,bro
knex.,2022-12-03,who did she give the $300 mic to
knex.,2022-12-03,bro what
knex.,2022-12-03,did she try to give you milk
knex.,2022-12-03,what did she do
knex.,2022-11-26,never hot
knex.,2022-11-26,mans not hot
knex.,2022-11-26,the man
knex.,2022-11-26,gf is just another word for hoe
knex.,2022-11-26,you must be his side hoe
knex.,2022-11-26,theres only one hoe tho
knex.,2022-11-26,im his hoe and his pimp
knex.,2022-11-26,what are you then man?
knex.,2022-11-26,yeah im his hoe
knex.,2022-11-26,lmaoooooooooo
knex.,2022-11-26,what part of it tasted like pho then lmfaooo
knex.,2022-11-26,i dont think any of us would say it tasted like pho lol
knex.,2022-11-26,everyone tried it
knex.,2022-11-26,he told you lies
knex.,2022-11-26,in the beginning idk how you would get spicy miso broth to taste like pho
knex.,2022-11-26,his taste buds off
knex.,2022-11-26,nah
knex.,2022-11-26,nah
knex.,2022-11-26,nah
knex.,2022-11-26,yeah
knex.,2022-11-26,it did not taste pleasing ngl
knex.,2022-11-26,it was so bad lol
knex.,2022-11-26,i like sweet
knex.,2022-11-26,like i didnt really taste it in the stuff that i cooked in it but when i tried it by itself it was good
knex.,2022-11-26,i liked mine actually
knex.,2022-11-26,nah bro
knex.,2022-11-26,it was like
knex.,2022-11-26,it did not taste like pho
knex.,2022-11-26,i cant get over how he thought that tasted like pho
knex.,2022-11-26,shouldve taken a picture of alex's cursed broth
knex.,2022-11-26,why?
knex.,2022-11-26,nah
knex.,2022-11-26,you mean the shabu?
knex.,2022-11-26,that is most unfortunate
knex.,2022-11-26,homie was not wet at all
knex.,2022-11-26,were at the food court br
knex.,2022-11-22,you can play overwatch with kaori
knex.,2022-11-19,who has the biggest forehead in our group
knex.,2022-11-09,modern day white dudes
knex.,2022-11-09,change my mind
knex.,2022-11-09,white dudes are not meant to have long hair
knex.,2022-11-08,kinda hungry
knex.,2022-11-08,I'm feeling like a 1 and 3 rn then
knex.,2022-11-08,hm
knex.,2022-11-08,when would anyone be 3
knex.,2022-11-08,how many ppl did you murk
knex.,2022-11-07,I wanna combine 1 and 6
knex.,2022-11-07,wanna take a nap
knex.,2022-11-07,I'm really feeling 6 rn
knex.,2022-11-07,who do you feel like murking today man
knex.,2022-11-07,6 is a mood
knex.,2022-10-22,lmao
knex.,2022-10-22,where does chance see himself on the 1 - 10 scale
knex.,2022-10-22,but it also gets me thinking
knex.,2022-10-22,seeing this again makes me sad
knex.,2022-10-04,this makes me sad to see
knex.,2022-10-04,:(
knex.,2022-09-25,tru
knex.,2022-09-25,if theyre not busy does that mean shes up for grabs?
knex.,2022-09-25,lmao
knex.,2022-09-25,eat their walls
knex.,2022-09-25,do they ever go on your laptop
knex.,2022-09-25,well thats horrible
knex.,2022-09-25,oh
knex.,2022-09-25,if we arent?
knex.,2022-09-25,i have actually its pretty fun
knex.,2022-09-25,no dogs :(
knex.,2022-09-25,you hope kait loses her dogs?
knex.,2022-09-25,ginger beer it then
knex.,2022-09-25,but like youre still taller than kait so she cant really say shit anyways
knex.,2022-09-25,alex short king tho
knex.,2022-09-25,cus god they never stop talking lol
knex.,2022-09-25,i thought there had to be at least like 3
knex.,2022-09-25,you only had 2 roomates?
knex.,2022-09-25,how many did you have originally?
knex.,2022-09-25,short king!
knex.,2022-09-25,theres a lotta short guys out there
knex.,2022-09-25,or blake?
knex.,2022-09-25,then they remind you of alex?
knex.,2022-09-25,height really is the deciding factor of if someone reminds you of man ngl
knex.,2022-09-25,how so
knex.,2022-09-24,nice
knex.,2022-09-21,dang bob lookin a little funny
knex.,2022-09-21,pls send bobs
knex.,2022-09-21,bobs and vegene
knex.,2022-09-20,yeah
knex.,2022-09-20,but you can click to show
knex.,2022-09-20,whats the point in blocking them then
knex.,2022-09-20,oh what you can still read ppl messages that you blocked?
knex.,2022-09-20,lol
knex.,2022-09-20,yall hear smthn?
knex.,2022-09-20,by ridding it of you
knex.,2022-09-20,im trying to change mine
knex.,2022-09-20,im not trying to change your life
knex.,2022-09-20,just you kait
knex.,2022-09-20,im going to block
knex.,2022-09-20,i ignore ppl that annoy me
knex.,2022-09-20,watch me
knex.,2022-09-20,ill ghost all of you
knex.,2022-09-20,do it
knex.,2022-09-20,cus he has nothing to do with it
knex.,2022-09-20,*sorry eric lol*
knex.,2022-09-20,no wonder its so easy to bully her
knex.,2022-09-20,too small
knex.,2022-09-20,its the only ones she can do
knex.,2022-09-20,you wont get the chance to
knex.,2022-09-20,i dont think you know how fast i am kait
knex.,2022-09-20,im down
knex.,2022-09-20,i mean theres different types of games on roblox tho
knex.,2022-09-20,YOU SUCK
knex.,2022-09-20,YOU
knex.,2022-09-20,you
knex.,2022-09-20,no
knex.,2022-09-20,no you suck
knex.,2022-09-20,i came here to do the abusing
knex.,2022-09-20,damn i didnt come here to be abused
knex.,2022-09-20,what if its a good life change
knex.,2022-09-20,im sorry
knex.,2022-09-20,thats unhealthy
knex.,2022-09-20,damn did i start that
knex.,2022-09-20,F
